City,Cloudiness,Country,Date,Humidity,Max Temperature,Latitude,Longitude,Wind Speed
Brae,6,GB,1970-01-01 00:00:01.595200107,87,50.0,60.4,-1.35,4.7
Great Falls,1,US,1970-01-01 00:00:01.595200272,21,84.0,47.5,-111.3,10.29
Ialibu,75,PG,1970-01-01 00:00:01.595200338,93,60.8,-6.28,143.99,4.7
Kruisfontein,0,ZA,1970-01-01 00:00:01.595199946,40,52.77,-34.0,24.73,4.85
Tiksi,16,RU,1970-01-01 00:00:01.595199950,59,61.77,71.69,128.87,9.26
Rikitea,49,PF,1970-01-01 00:00:01.595199918,65,68.68,-23.12,-134.97,12.3
Bilibino,0,RU,1970-01-01 00:00:01.595199958,38,67.64,68.05,166.44,1.19
Kisanga,72,TZ,1970-01-01 00:00:01.595200338,80,67.33,-7.44,37.7,2.51
Mar del Plata,90,AR,1970-01-01 00:00:01.595199923,100,52.0,-38.0,-57.56,13.87
Khatanga,98,RU,1970-01-01 00:00:01.595199926,78,51.8,71.97,102.5,2.62
Provideniya,75,RU,1970-01-01 00:00:01.595199925,66,55.4,64.38,-173.3,8.95
Hobart,75,AU,1970-01-01 00:00:01.595199694,57,48.2,-42.88,147.33,14.99
Ushuaia,0,AR,1970-01-01 00:00:01.595199703,86,28.4,-54.8,-68.3,8.05
Bluff,81,NZ,1970-01-01 00:00:01.595199917,83,39.0,-46.6,168.33,3.0
New Norfolk,78,AU,1970-01-01 00:00:01.595199928,78,45.0,-42.78,147.06,5.99
George Town,40,MY,1970-01-01 00:00:01.595199649,100,78.8,5.41,100.34,4.7
Tianpeng,100,CN,1970-01-01 00:00:01.595200340,1,81.0,30.99,103.94,4.7
Buraidah,8,SA,1970-01-01 00:00:01.595199753,23,95.0,26.33,43.98,9.17
Santa Lucía,0,ES,1970-01-01 00:00:01.595200340,28,86.0,27.91,-15.54,26.4
Kavieng,29,PG,1970-01-01 00:00:01.595199702,74,83.23,-2.57,150.8,9.69
Cidreira,57,BR,1970-01-01 00:00:01.595199931,78,66.33,-30.18,-50.21,9.89
Nikolskoye,5,RU,1970-01-01 00:00:01.595199698,77,62.6,59.7,30.79,4.47
Puerto Ayora,96,EC,1970-01-01 00:00:01.595199707,89,71.01,-0.74,-90.35,5.01
Butaritari,75,KI,1970-01-01 00:00:01.595199916,77,83.44,3.07,172.79,15.3
Lompoc,6,US,1970-01-01 00:00:01.595199949,64,71.01,34.64,-120.46,16.11
São Félix do Xingu,10,BR,1970-01-01 00:00:01.595199979,50,77.23,-6.64,-51.99,2.91
Clyde River,90,CA,1970-01-01 00:00:01.595199715,75,46.4,70.47,-68.59,9.17
Atuona,15,PF,1970-01-01 00:00:01.595199919,74,79.57,-9.8,-139.03,14.83
Muros,2,ES,1970-01-01 00:00:01.595199722,82,66.0,42.78,-9.06,11.01
Klaksvík,100,FO,1970-01-01 00:00:01.595200079,87,50.0,62.23,-6.59,10.29
Albany,50,US,1970-01-01 00:00:01.595199902,54,93.0,42.6,-73.97,4.36
East London,0,ZA,1970-01-01 00:00:01.595199916,65,59.92,-33.02,27.91,7.52
Wesselsbron,0,ZA,1970-01-01 00:00:01.595200342,38,47.55,-27.85,26.37,3.85
Saint-Pierre,40,RE,1970-01-01 00:00:01.595200111,72,62.6,-21.34,55.48,4.7
Upernavik,64,GL,1970-01-01 00:00:01.595199930,54,49.46,72.79,-56.15,7.4
Oranjemund,0,NA,1970-01-01 00:00:01.595199953,35,62.58,-28.55,16.43,4.88
Talnakh,94,RU,1970-01-01 00:00:01.595199935,81,48.2,69.49,88.4,15.66
Jamestown,20,US,1970-01-01 00:00:01.595199673,94,75.99,42.1,-79.24,10.29
Ratnagiri,100,IN,1970-01-01 00:00:01.595200342,84,80.08,16.98,73.3,1.45
Hofn,51,IS,1970-01-01 00:00:01.595199784,60,55.0,64.25,-15.21,7.34
Vaini,90,TO,1970-01-01 00:00:01.595199930,100,66.2,-21.2,-175.2,4.7
Longyearbyen,75,SJ,1970-01-01 00:00:01.595199924,87,44.6,78.22,15.64,11.41
Ryōtsu-minato,20,JP,1970-01-01 00:00:01.595200343,94,73.4,38.08,138.43,4.7
Arraial do Cabo,0,BR,1970-01-01 00:00:01.595199927,84,71.19,-22.97,-42.03,23.0
Arima,20,TT,1970-01-01 00:00:01.595200343,83,82.4,10.63,-61.28,12.75
Ponta do Sol,20,PT,1970-01-01 00:00:01.595199708,64,71.6,32.67,-17.1,6.93
Fare,80,PF,1970-01-01 00:00:01.595199966,81,77.76,-16.7,-151.02,20.24
Vila Franca do Campo,75,PT,1970-01-01 00:00:01.595200343,68,69.8,37.72,-25.43,5.82
Pevek,0,RU,1970-01-01 00:00:01.595199950,58,46.87,69.7,170.31,5.14
Busselton,43,AU,1970-01-01 00:00:01.595199919,77,46.99,-33.65,115.33,7.2
Mataura,90,NZ,1970-01-01 00:00:01.595199707,83,39.0,-46.19,168.86,3.0
Flinders,0,AU,1970-01-01 00:00:01.595200344,56,54.0,-34.58,150.86,7.0
Russkiy Aktash,40,RU,1970-01-01 00:00:01.595200344,100,62.6,55.04,52.12,8.95
Ahipara,68,NZ,1970-01-01 00:00:01.595199844,80,61.95,-35.17,173.17,4.61
Punta Arenas,75,CL,1970-01-01 00:00:01.595199918,69,35.6,-53.15,-70.92,6.93
Gouré,33,NE,1970-01-01 00:00:01.595200344,63,84.0,13.98,10.27,1.99
Pacific Grove,1,US,1970-01-01 00:00:01.595199920,64,70.0,36.62,-121.92,12.75
Bethel,1,US,1970-01-01 00:00:01.595199917,55,87.8,41.37,-73.41,12.75
Porto Nacional,2,BR,1970-01-01 00:00:01.595200345,42,80.6,-10.71,-48.42,5.82
Bariloche,75,AR,1970-01-01 00:00:01.595200345,86,41.0,-41.15,-71.31,2.59
Ilulissat,91,GL,1970-01-01 00:00:01.595199934,46,53.6,69.22,-51.1,2.24
Avarua,77,CK,1970-01-01 00:00:01.595199921,88,71.6,-21.21,-159.78,19.46
Innisfail,29,AU,1970-01-01 00:00:01.595200320,74,68.2,-17.53,146.03,3.36
Saint Anthony,1,US,1970-01-01 00:00:01.595199959,39,82.4,45.02,-93.22,19.46
Florø,57,NO,1970-01-01 00:00:01.595200346,87,53.6,61.6,5.03,9.17
Sitka,90,US,1970-01-01 00:00:01.595199930,100,55.4,57.05,-135.33,8.05
Sotuta,55,MX,1970-01-01 00:00:01.595200346,58,87.48,20.6,-89.02,5.53
Alofi,100,NU,1970-01-01 00:00:01.595199664,74,78.8,-19.06,-169.92,12.75
Hithadhoo,100,MV,1970-01-01 00:00:01.595199812,77,83.52,-0.6,73.08,16.37
Chokurdakh,67,RU,1970-01-01 00:00:01.595199707,44,72.93,70.63,147.92,17.31
Hermanus,3,ZA,1970-01-01 00:00:01.595199702,96,53.01,-34.42,19.23,3.0
Yellowknife,75,CA,1970-01-01 00:00:01.595199637,56,71.6,62.46,-114.35,10.29
Tungor,96,RU,1970-01-01 00:00:01.595200346,84,57.67,53.38,142.96,10.29
Anadyr,20,RU,1970-01-01 00:00:01.595200347,58,55.4,64.75,177.48,8.95
Barrow,40,US,1970-01-01 00:00:01.595199932,74,37.4,71.29,-156.79,12.75
Northam,0,GB,1970-01-01 00:00:01.595200347,83,57.99,51.03,-4.22,3.0
Ulladulla,0,AU,1970-01-01 00:00:01.595199784,53,52.0,-35.35,150.47,11.41
Nanortalik,3,GL,1970-01-01 00:00:01.595199702,75,48.94,60.14,-45.24,7.18
Singkang,20,MY,1970-01-01 00:00:01.595200347,94,77.0,2.1,102.8,2.24
Wenling,98,CN,1970-01-01 00:00:01.595200348,50,86.0,28.37,121.36,12.28
Norman Wells,75,CA,1970-01-01 00:00:01.595199919,63,64.4,65.28,-126.83,5.82
Ryzdvyany,0,RU,1970-01-01 00:00:01.595200348,47,75.2,45.27,41.84,4.47
Faanui,71,PF,1970-01-01 00:00:01.595199916,83,77.34,-16.48,-151.75,20.67
Yarmouth,1,US,1970-01-01 00:00:01.595200194,78,78.8,41.71,-70.23,13.87
Madimba,37,TZ,1970-01-01 00:00:01.595200348,83,69.48,-10.4,40.33,11.21
Cartagena,40,CO,1970-01-01 00:00:01.595200228,79,86.0,10.4,-75.51,13.87
Castro,21,BR,1970-01-01 00:00:01.595199938,90,58.01,-24.79,-50.01,3.53
Meulaboh,97,ID,1970-01-01 00:00:01.595199929,85,78.22,4.14,96.13,4.56
Yangi Marg`ilon,19,UZ,1970-01-01 00:00:01.595200349,36,75.2,40.43,71.72,9.17
Severo-Kuril'sk,100,RU,1970-01-01 00:00:01.595199925,87,51.96,50.68,156.12,11.56
Morshansk,0,RU,1970-01-01 00:00:01.595200349,94,56.68,53.44,41.81,5.5
Sinegor'ye,2,RU,1970-01-01 00:00:01.595200349,49,65.46,62.08,150.48,3.87
Dhārchula,57,IN,1970-01-01 00:00:01.595199954,75,68.4,29.85,80.53,1.59
Horsham,20,GB,1970-01-01 00:00:01.595200349,100,57.0,51.06,-0.33,2.24
Belaya Gora,53,RU,1970-01-01 00:00:01.595200164,40,75.13,68.53,146.42,16.73
Mokolo,98,CM,1970-01-01 00:00:01.595200350,83,73.13,10.74,13.8,5.53
Distrikt Brokopondo,55,SR,1970-01-01 00:00:01.595200350,73,81.81,4.75,-55.17,8.39
Aksu,99,CN,1970-01-01 00:00:01.595200350,46,70.99,41.12,80.26,0.83
Christchurch,2,NZ,1970-01-01 00:00:01.595200346,87,54.0,-43.53,172.63,10.29
Lavrentiya,66,RU,1970-01-01 00:00:01.595199948,62,50.4,65.58,-171.0,10.0
Shelburne,90,CA,1970-01-01 00:00:01.595200350,74,80.6,44.08,-80.2,13.87
Kapaa,90,US,1970-01-01 00:00:01.595199921,74,84.99,22.08,-159.32,14.99
Manavālakurichi,40,IN,1970-01-01 00:00:01.595200351,88,80.6,8.13,77.3,11.12
Batticaloa,98,LK,1970-01-01 00:00:01.595200351,77,80.42,7.71,81.69,4.25
Goderich,90,CA,1970-01-01 00:00:01.595200073,83,80.01,43.75,-81.72,15.82
Baturaja,37,ID,1970-01-01 00:00:01.595200351,95,72.61,-4.13,104.17,2.17
Wawa,92,NG,1970-01-01 00:00:01.595200351,91,73.54,9.9,4.42,4.83
Bereda,44,ES,1970-01-01 00:00:01.595200351,99,64.99,43.27,-7.54,11.99
Port Elizabeth,0,ZA,1970-01-01 00:00:01.595199923,100,53.6,-33.92,25.57,3.36
Kongolo,1,CD,1970-01-01 00:00:01.595200352,40,68.14,-5.38,27.0,4.12
Port Alfred,0,ZA,1970-01-01 00:00:01.595199705,71,60.24,-33.59,26.89,6.98
Saskylakh,38,RU,1970-01-01 00:00:01.595199941,67,56.97,71.92,114.08,10.25
Kaitangata,97,NZ,1970-01-01 00:00:01.595199927,74,46.99,-46.28,169.85,5.99
Chui,96,UY,1970-01-01 00:00:01.595199926,83,66.99,-33.7,-53.46,7.45
San Policarpo,74,PH,1970-01-01 00:00:01.595200154,75,83.26,12.18,125.51,2.89
Dallas,20,US,1970-01-01 00:00:01.595200248,39,97.0,32.77,-96.78,13.87
Aloleng,37,PH,1970-01-01 00:00:01.595200353,76,82.81,16.13,119.78,6.29
Taltal,58,CL,1970-01-01 00:00:01.595200095,77,56.95,-25.4,-70.48,2.57
‘Ewa Beach,75,US,1970-01-01 00:00:01.595200353,52,89.6,21.32,-158.01,10.29
Kargil,52,IN,1970-01-01 00:00:01.595200353,54,53.69,34.57,76.1,4.65
Imeni Zhelyabova,76,RU,1970-01-01 00:00:01.595200353,76,57.11,58.95,36.6,2.8
Owando,97,CG,1970-01-01 00:00:01.595200353,88,72.7,-0.48,15.9,2.28
Uinskoye,95,RU,1970-01-01 00:00:01.595200353,96,64.18,56.88,56.58,5.64
Kotovo,1,RU,1970-01-01 00:00:01.595200354,78,61.25,50.32,44.8,5.55
Tuktoyaktuk,75,CA,1970-01-01 00:00:01.595199921,75,46.4,69.45,-133.04,5.82
Masumbwe,32,TZ,1970-01-01 00:00:01.595200354,51,62.53,-3.63,32.18,4.03
Thompson,75,CA,1970-01-01 00:00:01.595199927,41,75.2,55.74,-97.86,9.17
Fairbanks,90,US,1970-01-01 00:00:01.595200082,60,72.0,64.84,-147.72,3.36
Morondava,0,MG,1970-01-01 00:00:01.595200296,57,68.36,-20.28,44.28,12.82
Nemuro,46,JP,1970-01-01 00:00:01.595200293,92,60.84,43.32,145.57,3.09
Morant Bay,40,JM,1970-01-01 00:00:01.595200354,70,86.0,17.88,-76.41,19.46
Tomatlán,0,MX,1970-01-01 00:00:01.595200354,61,89.49,19.93,-105.25,9.95
Hilo,20,US,1970-01-01 00:00:01.595199919,62,84.2,19.73,-155.09,11.41
Arkhara,100,RU,1970-01-01 00:00:01.595200355,74,68.77,49.42,130.08,9.33
Guerrero Negro,4,MX,1970-01-01 00:00:01.595199927,63,77.29,27.98,-114.06,17.92
Tibacuy,57,CO,1970-01-01 00:00:01.595200355,74,79.14,4.35,-72.46,4.09
Santa Maria,64,BR,1970-01-01 00:00:01.595200355,69,73.4,-29.68,-53.81,5.82
Adrar,33,MR,1970-01-01 00:00:01.595199713,20,96.22,20.5,-10.07,6.33
Manicoré,58,BR,1970-01-01 00:00:01.595200356,70,86.0,-5.81,-61.3,1.12
Dingle,63,PH,1970-01-01 00:00:01.595199951,85,79.0,11.0,122.67,3.65
Marawi,88,PH,1970-01-01 00:00:01.595199924,89,75.0,8.0,124.29,4.0
Itarema,41,BR,1970-01-01 00:00:01.595200356,78,77.05,-2.92,-39.92,12.06
Bredasdorp,4,ZA,1970-01-01 00:00:01.595199928,93,55.4,-34.53,20.04,0.69
Santiago del Estero,7,AR,1970-01-01 00:00:01.595200189,63,73.99,-27.8,-64.26,0.96
Port Lincoln,55,AU,1970-01-01 00:00:01.595199965,70,52.14,-34.73,135.87,5.79
Vostok,100,RU,1970-01-01 00:00:01.595200110,71,70.07,46.49,135.88,2.55
Salalah,75,OM,1970-01-01 00:00:01.595199947,88,80.6,17.02,54.09,4.7
Durango,79,MX,1970-01-01 00:00:01.595200233,41,76.39,24.83,-104.83,14.38
Marivan,0,IR,1970-01-01 00:00:01.595200357,21,70.47,35.52,46.18,3.22
Hamilton,40,US,1970-01-01 00:00:01.595199936,100,73.4,39.18,-84.53,11.41
Leh,78,IN,1970-01-01 00:00:01.595200357,52,54.03,34.17,77.58,5.23
Hong Kong,100,HK,1970-01-01 00:00:01.595199921,79,84.0,22.29,114.16,9.48
Alice Springs,65,AU,1970-01-01 00:00:01.595199988,61,46.4,-23.7,133.88,10.42
Urubichá,7,BO,1970-01-01 00:00:01.595200357,50,79.05,-15.38,-62.95,2.35
Cape Town,40,ZA,1970-01-01 00:00:01.595199682,93,60.01,-33.93,18.42,9.17
Mahébourg,75,MU,1970-01-01 00:00:01.595199938,77,68.0,-20.41,57.7,14.99
Sisimiut,78,GL,1970-01-01 00:00:01.595199705,72,53.29,66.94,-53.67,4.85
Saldanha,0,ZA,1970-01-01 00:00:01.595199920,87,48.2,-33.01,17.94,3.36
Pitimbu,75,BR,1970-01-01 00:00:01.595200068,94,75.2,-7.47,-34.81,8.05
Bagaces,75,CR,1970-01-01 00:00:01.595200358,70,86.0,10.53,-85.25,8.05
Araouane,30,ML,1970-01-01 00:00:01.595199755,26,97.57,18.9,-3.53,0.04
Saint-Philippe,40,RE,1970-01-01 00:00:01.595199924,72,64.4,-21.36,55.77,4.7
Tayshet,80,RU,1970-01-01 00:00:01.595200358,74,50.88,55.93,98.0,2.06
Antofagasta,75,CL,1970-01-01 00:00:01.595199724,76,57.2,-23.65,-70.4,10.29
Galveston,1,US,1970-01-01 00:00:01.595200276,66,91.0,29.37,-94.97,11.41
Belmopan,1,BZ,1970-01-01 00:00:01.595200359,56,89.01,17.25,-88.77,8.01
Galle,94,LK,1970-01-01 00:00:01.595200359,86,79.14,6.04,80.22,9.55
Iqaluit,90,CA,1970-01-01 00:00:01.595199955,100,42.8,63.75,-68.51,5.82
Narsaq,21,GL,1970-01-01 00:00:01.595199784,38,60.8,60.92,-46.05,6.93
Tagusao,97,PH,1970-01-01 00:00:01.595200359,76,80.92,9.19,117.81,4.76
Pihuamo,90,MX,1970-01-01 00:00:01.595200359,83,71.6,19.25,-103.38,23.04
Dongsheng,0,CN,1970-01-01 00:00:01.595200360,35,68.99,39.82,109.98,10.87
Torbay,20,CA,1970-01-01 00:00:01.595199914,49,71.6,47.67,-52.73,11.41
Broken Hill,15,AU,1970-01-01 00:00:01.595200360,80,39.2,-31.95,141.43,9.19
Champerico,75,GT,1970-01-01 00:00:01.595199971,88,82.4,14.3,-91.92,6.93
Hobyo,84,SO,1970-01-01 00:00:01.595200360,73,77.2,5.35,48.53,23.38
Talaya,64,RU,1970-01-01 00:00:01.595200360,50,63.43,61.38,152.75,4.56
Burns Lake,55,CA,1970-01-01 00:00:01.595200146,39,71.85,54.23,-125.75,7.38
Nome,75,US,1970-01-01 00:00:01.595199694,62,57.2,64.5,-165.41,9.17
Iwanai,99,JP,1970-01-01 00:00:01.595200361,74,75.07,42.97,140.51,2.37
San Francisco,90,US,1970-01-01 00:00:01.595200261,60,69.8,37.77,-122.42,20.8
Poum,34,NC,1970-01-01 00:00:01.595199955,63,71.82,-20.23,164.02,12.01
Makkah al Mukarramah,34,SA,1970-01-01 00:00:01.595200287,32,84.63,21.43,39.83,4.43
Erdenet,42,MN,1970-01-01 00:00:01.595200361,83,49.23,49.03,104.08,2.62
Dunedin,67,NZ,1970-01-01 00:00:01.595199793,72,48.0,-45.87,170.5,5.99
Constitución,78,CL,1970-01-01 00:00:01.595199926,88,53.38,-35.33,-72.42,7.74
La Ronge,75,CA,1970-01-01 00:00:01.595199734,68,68.0,55.1,-105.28,9.17
Lovozero,4,RU,1970-01-01 00:00:01.595199966,80,60.4,68.0,35.01,5.82
Batagay-Alyta,99,RU,1970-01-01 00:00:01.595199977,74,62.73,67.8,130.41,2.35
Kalmunai,92,LK,1970-01-01 00:00:01.595200362,79,80.37,7.42,81.82,5.39
Chara,100,RU,1970-01-01 00:00:01.595200362,86,55.4,56.91,118.26,1.28
Carnarvon,0,AU,1970-01-01 00:00:01.595199757,87,48.2,-24.87,113.63,8.05
Road Town,20,VG,1970-01-01 00:00:01.595199714,66,86.0,18.42,-64.62,12.75
Kyzyl,0,RU,1970-01-01 00:00:01.595200362,55,60.51,51.7,94.45,4.0
Victor Harbor,47,AU,1970-01-01 00:00:01.595200362,89,48.99,-35.57,138.62,7.14
Copiapó,99,CL,1970-01-01 00:00:01.595200362,82,55.4,-27.37,-70.33,8.05
Bengkulu,46,ID,1970-01-01 00:00:01.595199674,91,75.4,-3.8,102.27,5.06
Praia,75,CV,1970-01-01 00:00:01.595199945,78,78.8,14.92,-23.51,12.75
Hambantota,85,LK,1970-01-01 00:00:01.595199927,83,79.23,6.12,81.12,7.07
Port Macquarie,1,AU,1970-01-01 00:00:01.595200363,91,51.01,-31.43,152.92,7.02
Iralaya,20,HN,1970-01-01 00:00:01.595200363,70,87.8,15.0,-83.23,9.17
Hasaki,75,JP,1970-01-01 00:00:01.595199704,94,75.99,35.73,140.83,8.05
Rincon,20,US,1970-01-01 00:00:01.595200277,52,93.2,32.3,-81.24,10.29
Loandjili,14,CG,1970-01-01 00:00:01.595200364,90,70.81,-4.76,11.86,5.03
Ajdabiya,0,LY,1970-01-01 00:00:01.595200364,68,73.15,30.76,20.23,11.1
Rumonge,20,BI,1970-01-01 00:00:01.595200364,53,70.32,-3.97,29.44,2.44
Lüderitz,0,NA,1970-01-01 00:00:01.595199737,26,71.6,-26.65,15.16,11.41
Lata,0,PT,1970-01-01 00:00:01.595199961,82,66.0,40.16,-8.33,2.01
Campoverde,40,PE,1970-01-01 00:00:01.595200365,66,86.0,-8.48,-74.81,3.36
Wilmington,1,US,1970-01-01 00:00:01.595200162,52,91.4,34.23,-77.94,11.41
Ibrā’,84,OM,1970-01-01 00:00:01.595200365,76,82.18,22.69,58.53,7.36
Porto Tolle,0,IT,1970-01-01 00:00:01.595200365,73,77.0,44.95,12.32,4.29
Manokwari,84,ID,1970-01-01 00:00:01.595200149,69,82.4,-0.87,134.08,5.35
Varkaus,100,FI,1970-01-01 00:00:01.595200365,93,63.0,62.32,27.87,1.12
Tremedal,66,BR,1970-01-01 00:00:01.595200365,81,63.37,-14.98,-41.41,5.21
Drumheller,99,CA,1970-01-01 00:00:01.595200366,77,69.01,51.46,-112.71,7.0
Mossamedes,0,AO,1970-01-01 00:00:01.595199934,73,67.46,-15.2,12.15,7.02
Departamento de Maldonado,79,UY,1970-01-01 00:00:01.595200286,82,66.2,-34.67,-54.92,3.36
Boguchany,64,RU,1970-01-01 00:00:01.595200366,69,52.5,58.38,97.45,2.42
Tocopilla,95,CL,1970-01-01 00:00:01.595200342,67,59.94,-22.09,-70.2,8.14
Tiarei,75,PF,1970-01-01 00:00:01.595200229,65,80.6,-17.53,-149.33,5.82
Chapleau,40,CA,1970-01-01 00:00:01.595200366,64,69.8,47.84,-83.4,13.87
Dikson,100,RU,1970-01-01 00:00:01.595199701,96,40.93,73.51,80.55,12.08
Carballo,20,ES,1970-01-01 00:00:01.595199969,88,69.01,43.21,-8.69,6.93
Palmeira das Missões,0,BR,1970-01-01 00:00:01.595200367,90,64.02,-27.9,-53.31,6.71
Saint Paul Harbor,90,US,1970-01-01 00:00:01.595199794,87,57.2,57.79,-152.41,10.29
Nālūt,0,LY,1970-01-01 00:00:01.595200367,51,77.41,30.33,10.85,23.06
Olinda,90,BR,1970-01-01 00:00:01.595200367,88,77.0,-8.01,-34.86,8.05
Westport,1,US,1970-01-01 00:00:01.595200345,62,84.99,41.14,-73.36,9.17
Kingaroy,0,AU,1970-01-01 00:00:01.595200367,100,37.4,-26.53,151.83,5.79
Lake Wales,20,US,1970-01-01 00:00:01.595200367,59,90.0,27.9,-81.59,10.29
Talcahuano,75,CL,1970-01-01 00:00:01.595200368,93,55.4,-36.72,-73.12,9.17
Srednekolymsk,0,RU,1970-01-01 00:00:01.595200368,40,74.17,67.45,153.68,12.24
Avera,1,US,1970-01-01 00:00:01.595199957,37,96.8,33.19,-82.53,8.05
Kortkeros,0,RU,1970-01-01 00:00:01.595200368,87,53.6,61.81,51.58,11.18
Qaanaaq,99,GL,1970-01-01 00:00:01.595199703,69,47.37,77.48,-69.36,1.43
Río Gallegos,40,AR,1970-01-01 00:00:01.595199968,90,32.0,-51.62,-69.22,4.7
Barentu,100,ER,1970-01-01 00:00:01.595200368,89,69.51,15.11,37.59,8.84
Campos Novos,8,BR,1970-01-01 00:00:01.595200368,92,59.5,-27.4,-51.23,3.53
Liverpool,19,GB,1970-01-01 00:00:01.595200251,71,55.99,53.41,-2.98,4.7
Ribeira Grande,72,PT,1970-01-01 00:00:01.595199920,76,69.28,38.52,-28.7,4.65
Vestmannaeyjar,34,IS,1970-01-01 00:00:01.595199931,81,49.64,63.44,-20.27,12.37
Codrington,72,AU,1970-01-01 00:00:01.595199925,76,51.35,-38.27,141.97,15.41
Spearfish,28,US,1970-01-01 00:00:01.595200369,53,78.01,44.49,-103.86,17.22
Sibolga,19,ID,1970-01-01 00:00:01.595199985,81,76.14,1.74,98.78,3.87
Kainantu,60,PG,1970-01-01 00:00:01.595200369,86,65.41,-6.29,145.87,2.66
Manali,40,IN,1970-01-01 00:00:01.595200369,88,80.6,13.17,80.27,2.24
Yulara,90,AU,1970-01-01 00:00:01.595199932,71,53.6,-25.24,130.99,10.29
Bayir,0,TR,1970-01-01 00:00:01.595200370,82,68.0,37.27,28.22,2.42
Kalmar,38,SE,1970-01-01 00:00:01.595200370,93,64.99,56.66,16.36,3.36
Esperance,90,AU,1970-01-01 00:00:01.595199951,87,46.4,-33.87,121.9,5.82
Znamensk,0,RU,1970-01-01 00:00:01.595200370,45,71.33,48.58,45.73,8.75
Thinadhoo,100,MV,1970-01-01 00:00:01.595200370,75,84.09,0.53,72.93,18.59
Prieska,0,ZA,1970-01-01 00:00:01.595199947,39,48.78,-29.66,22.75,1.1
Caravelas,92,BR,1970-01-01 00:00:01.595199960,82,71.94,-17.71,-39.25,7.27
Koumac,12,NC,1970-01-01 00:00:01.595200189,63,71.69,-20.57,164.28,7.18
Grindavik,75,IS,1970-01-01 00:00:01.595199974,87,48.2,63.84,-22.43,6.93
São Filipe,86,CV,1970-01-01 00:00:01.595199917,82,77.27,14.9,-24.5,7.72
Abalak,51,RU,1970-01-01 00:00:01.595200327,92,62.11,58.13,68.59,5.93
Atar,73,MR,1970-01-01 00:00:01.595200371,22,98.26,20.52,-13.05,9.84
Muscle Shoals,1,US,1970-01-01 00:00:01.595200371,46,95.0,34.74,-87.67,4.7
Victoria Point,0,AU,1970-01-01 00:00:01.595199966,72,63.0,-27.58,153.3,4.0
Miraflores,75,MX,1970-01-01 00:00:01.595200371,46,77.0,19.22,-98.81,16.11
Rosarito,1,MX,1970-01-01 00:00:01.595199979,57,81.0,32.33,-117.03,12.75
Kiryat Gat,0,IL,1970-01-01 00:00:01.595199915,67,78.01,31.61,34.76,1.1
Warmbad,0,NA,1970-01-01 00:00:01.595200244,28,60.22,-28.45,18.73,10.76
Singarāyakonda,100,IN,1970-01-01 00:00:01.595200372,79,82.63,15.25,80.03,11.52
Inhambane,30,MZ,1970-01-01 00:00:01.595200372,83,65.77,-23.86,35.38,10.22
Tautira,75,PF,1970-01-01 00:00:01.595199699,69,80.6,-17.73,-149.15,4.7
Seoul,90,KR,1970-01-01 00:00:01.595199747,83,78.8,37.57,126.98,5.82
Kifrī,0,IQ,1970-01-01 00:00:01.595200372,11,89.51,34.7,44.97,11.3
Nísia Floresta,40,BR,1970-01-01 00:00:01.595200373,88,77.0,-6.09,-35.21,8.05
Souillac,75,MU,1970-01-01 00:00:01.595199664,77,68.0,-20.52,57.52,14.99
Honningsvåg,100,NO,1970-01-01 00:00:01.595200373,86,51.22,70.98,25.97,2.55
Ossora,96,RU,1970-01-01 00:00:01.595199978,88,52.84,59.24,163.07,15.23
Nānākuli,40,US,1970-01-01 00:00:01.595199922,49,89.6,21.39,-158.15,10.29
Laas,20,IT,1970-01-01 00:00:01.595199713,72,60.8,46.62,10.7,3.36
Mayumba,32,GA,1970-01-01 00:00:01.595199984,91,70.45,-3.43,10.66,5.26
Lebu,1,CL,1970-01-01 00:00:01.595199711,90,51.49,-37.62,-73.65,12.59
Mackay,40,AU,1970-01-01 00:00:01.595200374,87,66.0,-21.15,149.2,4.7
Jaciara,0,BR,1970-01-01 00:00:01.595200374,43,73.78,-15.97,-54.97,3.04
Tasiilaq,0,GL,1970-01-01 00:00:01.595199933,76,50.0,65.61,-37.64,9.17
Marabu,20,MY,1970-01-01 00:00:01.595200374,100,75.2,4.41,114.01,3.36
Beira,9,MZ,1970-01-01 00:00:01.595200118,83,68.4,-19.84,34.84,10.02
Fortuna,20,US,1970-01-01 00:00:01.595199918,72,70.0,40.6,-124.16,13.87
Gobabis,0,NA,1970-01-01 00:00:01.595200237,36,48.2,-22.45,18.97,3.36
Tiznit Province,0,MA,1970-01-01 00:00:01.595200374,35,82.02,29.58,-9.5,3.67
Padang,40,ID,1970-01-01 00:00:01.595199964,94,73.4,-0.95,100.35,2.24
Coahuayana Viejo,75,MX,1970-01-01 00:00:01.595199940,69,82.4,18.73,-103.68,11.41
Loikaw,100,MM,1970-01-01 00:00:01.595200083,94,68.92,19.67,97.21,1.32
Tallahassee,40,US,1970-01-01 00:00:01.595200350,41,96.8,30.44,-84.28,6.93
Beni Suef,22,EG,1970-01-01 00:00:01.595200375,58,76.48,29.07,31.1,11.7
Ati,75,TD,1970-01-01 00:00:01.595200375,67,80.56,13.22,18.34,22.19
Ponta Delgada,75,PT,1970-01-01 00:00:01.595200375,68,69.8,37.73,-25.67,5.82
Qixingtai,87,CN,1970-01-01 00:00:01.595200375,92,73.99,30.41,111.89,2.89
Rāmāpuram,100,IN,1970-01-01 00:00:01.595200376,85,77.81,13.12,79.2,5.1
Chernigovka,100,RU,1970-01-01 00:00:01.595200376,84,62.73,44.34,132.57,6.31
Namatanai,2,PG,1970-01-01 00:00:01.595199846,64,83.93,-3.67,152.43,6.76
Trojes,0,AL,1970-01-01 00:00:01.595200376,77,62.6,41.76,19.96,3.36
Zhirnovsk,5,RU,1970-01-01 00:00:01.595200376,84,59.5,50.98,44.77,3.62
Katsuura,75,JP,1970-01-01 00:00:01.595199955,94,78.01,35.13,140.3,1.12
Joshīmath,62,IN,1970-01-01 00:00:01.595200376,58,64.49,30.57,79.57,1.23
Vangaindrano,94,MG,1970-01-01 00:00:01.595200376,68,64.99,-23.35,47.6,2.73
Necochea,76,AR,1970-01-01 00:00:01.595199950,95,52.0,-38.55,-58.74,8.01
Serebryansk,40,KZ,1970-01-01 00:00:01.595200377,87,55.4,49.69,83.29,2.24
Marsá Maţrūḩ,20,EG,1970-01-01 00:00:01.595199958,78,75.2,31.35,27.25,8.21
West Plains,20,US,1970-01-01 00:00:01.595200377,52,91.99,36.73,-91.85,5.82
Kumul,76,CN,1970-01-01 00:00:01.595199987,19,84.27,42.8,93.45,9.08
Matagami,75,CA,1970-01-01 00:00:01.595200377,74,78.8,49.75,-77.63,7.74
Lugoba,10,TZ,1970-01-01 00:00:01.595200377,84,65.34,-6.45,38.33,4.21
Santa Cruz de la Sierra,20,BO,1970-01-01 00:00:01.595200377,65,82.4,-17.8,-63.17,16.11
Te Anau,100,NZ,1970-01-01 00:00:01.595199929,85,45.81,-45.42,167.72,1.68
Elesbão Veloso,71,BR,1970-01-01 00:00:01.595200378,48,79.77,-6.2,-42.14,9.22
Port Pirie,90,AU,1970-01-01 00:00:01.595200378,76,48.2,-33.18,138.02,4.7
Ville-Marie,1,CA,1970-01-01 00:00:01.595200378,65,80.6,47.33,-79.43,20.8
Qaqortoq,6,GL,1970-01-01 00:00:01.595199922,38,60.8,60.72,-46.03,6.93
Umluj,39,SA,1970-01-01 00:00:01.595200137,42,87.53,25.02,37.27,8.81
Fershampenuaz,20,RU,1970-01-01 00:00:01.595200378,93,61.84,53.52,59.81,5.39
Cabo San Lucas,20,MX,1970-01-01 00:00:01.595199675,33,96.01,22.89,-109.91,21.92
Fort Frances,75,CA,1970-01-01 00:00:01.595200379,63,70.0,48.6,-93.4,14.99
Noumea,35,NC,1970-01-01 00:00:01.595199812,77,72.0,-22.28,166.46,4.7
Kahului,20,US,1970-01-01 00:00:01.595199950,55,87.8,20.89,-156.47,27.51
Lorengau,76,PG,1970-01-01 00:00:01.595199946,70,83.82,-2.02,147.27,9.48
Kamenka,0,RU,1970-01-01 00:00:01.595199977,91,60.01,51.32,42.77,3.89
São João da Barra,0,BR,1970-01-01 00:00:01.595199736,87,70.56,-21.64,-41.05,11.1
Pangnirtung,100,CA,1970-01-01 00:00:01.595199961,52,59.34,66.15,-65.71,1.61
Danielskuil,0,ZA,1970-01-01 00:00:01.595200379,65,40.5,-28.19,23.54,2.86
Bambous Virieux,75,MU,1970-01-01 00:00:01.595199922,77,68.0,-20.34,57.76,14.99
Mehamn,100,NO,1970-01-01 00:00:01.595200380,84,52.5,71.04,27.85,6.35
Zhigansk,99,RU,1970-01-01 00:00:01.595199980,65,61.7,66.77,123.37,5.57
Tura,100,IN,1970-01-01 00:00:01.595199962,99,74.61,25.52,90.22,7.02
Solnechnyy,98,RU,1970-01-01 00:00:01.595199977,72,75.51,50.72,136.63,2.26
Cap-aux-Meules,5,CA,1970-01-01 00:00:01.595200380,78,71.6,47.38,-61.86,11.41
Touros,40,BR,1970-01-01 00:00:01.595199931,88,77.0,-5.2,-35.46,4.7
Whitehorse,75,CA,1970-01-01 00:00:01.595200115,42,68.0,60.72,-135.05,9.17
Wajid,95,SO,1970-01-01 00:00:01.595200380,71,73.06,3.81,43.25,20.94
Roald,10,NO,1970-01-01 00:00:01.595199666,87,53.6,62.58,6.13,8.05
Peterhead,30,GB,1970-01-01 00:00:01.595200381,81,52.0,57.51,-1.8,6.93
Luanda,75,AO,1970-01-01 00:00:01.595200375,88,71.6,-8.84,13.23,6.93
Bata,40,GQ,1970-01-01 00:00:01.595200381,94,77.0,1.86,9.77,5.82
Waipawa,90,NZ,1970-01-01 00:00:01.595199741,59,62.01,-41.41,175.52,9.84
Airai,19,TL,1970-01-01 00:00:01.595199924,55,57.42,-8.93,125.41,2.71
Creston,1,US,1970-01-01 00:00:01.595200381,65,82.0,41.06,-94.36,6.93
Shache,0,CN,1970-01-01 00:00:01.595199739,55,68.14,38.42,77.24,5.48
Arlit,68,NE,1970-01-01 00:00:01.595199963,33,90.27,18.74,7.39,12.53
Yendi,98,GH,1970-01-01 00:00:01.595200382,91,73.89,9.44,-0.01,4.54
Qiyang,100,CN,1970-01-01 00:00:01.595200382,94,73.36,26.59,111.85,2.24
Russell,1,US,1970-01-01 00:00:01.595200149,47,96.8,32.35,-85.2,4.18
Haines Junction,100,CA,1970-01-01 00:00:01.595200381,44,66.34,60.75,-137.51,10.67
Vyartsilya,69,RU,1970-01-01 00:00:01.595200382,71,61.12,62.18,30.69,1.74
İnegöl,0,TR,1970-01-01 00:00:01.595200382,93,66.2,40.08,29.51,5.82
Shimoda,100,JP,1970-01-01 00:00:01.595200382,85,77.0,34.67,138.95,1.01
Aulnoye-Aymeries,94,FR,1970-01-01 00:00:01.595200383,88,62.6,50.2,3.84,5.82
Dzilam González,25,MX,1970-01-01 00:00:01.595200383,66,85.33,21.28,-88.93,8.28
Knysna,0,ZA,1970-01-01 00:00:01.595200383,93,48.2,-34.04,23.05,4.7
Maniitsoq,69,GL,1970-01-01 00:00:01.595199962,79,50.79,65.42,-52.9,2.28
Webuye,90,KE,1970-01-01 00:00:01.595200383,78,60.53,0.61,34.77,2.77
Stolin,67,BY,1970-01-01 00:00:01.595200383,78,60.35,51.89,26.85,3.24
Atambua,5,ID,1970-01-01 00:00:01.595199943,79,68.54,-9.11,124.89,5.01
Payo,29,ID,1970-01-01 00:00:01.595200384,95,71.71,-3.75,103.64,1.86
Rājula,98,IN,1970-01-01 00:00:01.595200384,83,81.9,21.05,71.43,9.8
Sedro-Woolley,1,US,1970-01-01 00:00:01.595200206,61,80.01,48.5,-122.24,11.41
Grants Pass,1,US,1970-01-01 00:00:01.595200348,19,96.01,42.44,-123.33,5.82
Tawang Town,100,IN,1970-01-01 00:00:01.595200384,80,57.92,27.58,91.87,1.61
Guatire,40,VE,1970-01-01 00:00:01.595200384,74,82.4,10.48,-66.54,5.82
Aklavik,75,CA,1970-01-01 00:00:01.595199923,66,50.0,68.22,-135.01,2.24
Jieshi,100,CN,1970-01-01 00:00:01.595199972,82,83.28,22.81,115.83,7.31
Kudat,20,MY,1970-01-01 00:00:01.595200224,94,73.4,6.88,116.85,2.24
College,75,US,1970-01-01 00:00:01.595199933,56,72.0,64.86,-147.8,3.36
Takoradze,7,GH,1970-01-01 00:00:01.595199948,91,75.07,4.88,-1.76,6.82
Biak,66,ID,1970-01-01 00:00:01.595199981,81,77.36,-0.91,122.88,7.56
Nizhniy Tsasuchey,33,RU,1970-01-01 00:00:01.595200385,84,49.95,50.52,115.13,16.67
Ancud,20,CL,1970-01-01 00:00:01.595199938,100,48.99,-41.87,-73.82,6.93
Gardabani,0,GE,1970-01-01 00:00:01.595200385,61,78.8,41.46,45.09,1.86
Yuci,0,CN,1970-01-01 00:00:01.595200385,77,62.6,37.68,112.73,2.24
Kandrian,40,PG,1970-01-01 00:00:01.595200385,85,80.15,-6.22,149.55,10.2
San Patricio,40,MX,1970-01-01 00:00:01.595199962,74,87.8,19.22,-104.7,11.41
Saint George,1,US,1970-01-01 00:00:01.595199851,7,107.01,37.1,-113.58,12.75
Isangel,40,VU,1970-01-01 00:00:01.595199958,73,75.2,-19.55,169.27,4.7
Ixtapa,40,MX,1970-01-01 00:00:01.595200386,79,87.01,20.7,-105.2,9.17
Kloulklubed,75,PW,1970-01-01 00:00:01.595200386,79,84.2,7.04,134.26,4.7
Krasnosel'kup,98,RU,1970-01-01 00:00:01.595200363,73,54.72,65.7,82.47,11.63
Manado,20,ID,1970-01-01 00:00:01.595200386,94,75.2,1.49,124.85,2.24
Ust-Kuyga,100,RU,1970-01-01 00:00:01.595200386,74,62.58,70.02,135.6,3.04
Yar-Sale,0,RU,1970-01-01 00:00:01.595199755,82,48.18,66.83,70.83,8.66
Kigoma,0,TZ,1970-01-01 00:00:01.595200387,64,71.51,-4.88,29.63,2.98
Oddur,99,SO,1970-01-01 00:00:01.595200387,73,71.82,4.12,43.89,19.86
Samarai,100,PG,1970-01-01 00:00:01.595200120,86,76.14,-10.62,150.67,15.05
Rio Verde de Mato Grosso,0,BR,1970-01-01 00:00:01.595200387,31,75.96,-18.92,-54.84,3.96
Laguna,1,US,1970-01-01 00:00:01.595200387,31,91.99,38.42,-121.42,13.87
Richards Bay,0,ZA,1970-01-01 00:00:01.595200387,85,58.35,-28.78,32.04,4.61
Kirakira,11,SB,1970-01-01 00:00:01.595199921,75,82.47,-10.45,161.92,7.31
Rock Sound,17,BS,1970-01-01 00:00:01.595200111,80,83.68,24.9,-76.2,17.58
Santa Barbara,1,US,1970-01-01 00:00:01.595200203,64,82.99,34.42,-119.7,14.99
Nishihara,75,JP,1970-01-01 00:00:01.595199969,88,84.2,26.18,127.76,8.05
Ambilobe,17,MG,1970-01-01 00:00:01.595200123,70,66.2,-13.2,49.05,5.64
Goma,8,CD,1970-01-01 00:00:01.595200388,67,61.2,-1.68,29.22,2.13
Okhotsk,83,RU,1970-01-01 00:00:01.595200119,82,60.06,59.38,143.3,7.29
Evensk,78,RU,1970-01-01 00:00:01.595200371,66,62.33,61.95,159.23,20.24
Anloga,75,GH,1970-01-01 00:00:01.595200389,88,77.0,5.79,0.9,11.41
Newport,0,GB,1970-01-01 00:00:01.595200389,72,59.0,51.59,-3.0,11.68
Opuwo,0,NA,1970-01-01 00:00:01.595199960,42,53.01,-18.06,13.84,9.1
Kelvington,57,CA,1970-01-01 00:00:01.595200360,82,64.96,52.17,-103.53,4.36
Krasnoshchekovo,0,RU,1970-01-01 00:00:01.595200389,91,57.18,51.67,82.73,4.45
Kencong,12,ID,1970-01-01 00:00:01.595200389,88,73.53,-8.28,113.37,0.65
Waoundé,90,SN,1970-01-01 00:00:01.595200389,74,87.8,15.26,-12.87,2.24
Vardø,100,NO,1970-01-01 00:00:01.595199920,95,54.25,70.37,31.11,9.51
Sambava,35,MG,1970-01-01 00:00:01.595200390,78,69.39,-14.27,50.17,16.8
Umm Kaddadah,87,SD,1970-01-01 00:00:01.595200372,61,81.0,13.6,26.69,14.34
Lagoa,29,PT,1970-01-01 00:00:01.595199981,79,69.19,39.05,-27.98,5.14
Chancay,75,PE,1970-01-01 00:00:01.595200390,72,62.6,-11.57,-77.27,10.29
Mujiayingzi,3,CN,1970-01-01 00:00:01.595200390,53,66.52,42.12,118.78,5.5
Chabahar,74,IR,1970-01-01 00:00:01.595200390,83,85.91,25.29,60.64,4.88
Maiduguri,21,NG,1970-01-01 00:00:01.595200391,60,82.89,11.85,13.16,13.53
Ingham,90,US,1970-01-01 00:00:01.595200391,100,77.0,42.6,-84.38,8.05
Pekan,20,MY,1970-01-01 00:00:01.595200391,94,77.0,3.48,103.4,1.12
Pilar,90,BR,1970-01-01 00:00:01.595199967,100,71.6,-9.6,-35.96,6.93
Susanville,1,US,1970-01-01 00:00:01.595200391,5,99.0,40.42,-120.65,13.87
Arrondissement d'Ajaccio,0,FR,1970-01-01 00:00:01.595200170,77,69.8,42.0,8.92,4.7
Baruun-Urt,22,MN,1970-01-01 00:00:01.595200392,62,52.29,46.68,113.28,12.53
Lagunas,16,PE,1970-01-01 00:00:01.595199956,94,75.88,-5.23,-75.68,3.24
Campina Verde,0,BR,1970-01-01 00:00:01.595200392,48,67.69,-19.54,-49.49,6.22
Zdvinsk,43,RU,1970-01-01 00:00:01.595200392,88,65.52,54.7,78.66,5.21
Puerto del Rosario,0,ES,1970-01-01 00:00:01.595200383,42,84.2,28.5,-13.86,16.11
Praia da Vitória,75,PT,1970-01-01 00:00:01.595200392,77,69.8,38.73,-27.07,6.85
Ulaangom,0,MN,1970-01-01 00:00:01.595200168,61,66.07,49.98,92.07,1.41
Linguère,83,SN,1970-01-01 00:00:01.595200393,60,86.54,15.4,-15.12,14.2
Prado,100,BR,1970-01-01 00:00:01.595200393,88,71.02,-17.34,-39.22,8.84
Beamsville,100,CA,1970-01-01 00:00:01.595200393,82,79.0,43.17,-79.48,5.99
Shenjiamen,99,CN,1970-01-01 00:00:01.595200365,95,77.36,29.96,122.3,5.14
Birjand,0,IR,1970-01-01 00:00:01.595200393,16,68.0,32.87,59.22,4.7
Garoowe,91,SO,1970-01-01 00:00:01.595200393,63,75.47,8.41,48.48,22.68
St Helens,20,GB,1970-01-01 00:00:01.595200394,71,55.4,53.45,-2.73,4.7
Alyangula,0,AU,1970-01-01 00:00:01.595199961,100,64.4,-13.85,136.42,2.24
Antalaha,7,MG,1970-01-01 00:00:01.595199963,83,66.69,-14.9,50.28,10.87
Feijó,86,BR,1970-01-01 00:00:01.595200394,69,80.04,-8.16,-70.35,0.13
Vao,13,NC,1970-01-01 00:00:01.595200365,69,69.42,-22.67,167.48,13.31
Stornoway,5,GB,1970-01-01 00:00:01.595200290,100,51.01,58.21,-6.39,5.82
Zaysan,99,KZ,1970-01-01 00:00:01.595199918,49,70.95,47.47,84.87,5.79
Kavaratti,100,IN,1970-01-01 00:00:01.595200394,80,81.37,10.57,72.64,14.61
Boone,80,US,1970-01-01 00:00:01.595200161,68,82.99,39.03,-92.33,1.01
Labuhan,8,ID,1970-01-01 00:00:01.595200395,85,75.61,-6.88,112.21,9.13
Timbiras,26,BR,1970-01-01 00:00:01.595200395,57,77.95,-4.26,-43.94,1.95
Kieta,0,PG,1970-01-01 00:00:01.595199940,67,83.71,-6.22,155.63,4.88
Beloha,0,MG,1970-01-01 00:00:01.595199988,81,60.84,-25.17,45.05,10.09
Havøysund,99,NO,1970-01-01 00:00:01.595199968,76,53.6,71.0,24.66,4.7
Sola,90,VU,1970-01-01 00:00:01.595199715,83,78.8,-13.88,167.55,6.93
Mayo,1,US,1970-01-01 00:00:01.595199970,66,93.2,38.89,-76.51,11.41
Yeppoon,0,AU,1970-01-01 00:00:01.595200395,82,57.2,-23.13,150.73,4.61
Kapoeta,74,SS,1970-01-01 00:00:01.595200396,65,71.46,4.77,33.59,3.51
Jacksonville,20,US,1970-01-01 00:00:01.595200137,62,89.6,30.33,-81.66,13.87
Makaha,90,US,1970-01-01 00:00:01.595200396,69,89.6,21.47,-158.22,9.17
Rawson,100,AR,1970-01-01 00:00:01.595200396,82,45.36,-43.3,-65.1,11.56
Aswān,28,EG,1970-01-01 00:00:01.595199960,16,88.03,24.09,32.91,7.85
Tazovsky,44,RU,1970-01-01 00:00:01.595200270,83,48.02,67.47,78.7,12.26
Wucheng,100,CN,1970-01-01 00:00:01.595200396,92,75.25,29.6,118.17,1.7
Nouakchott,40,MR,1970-01-01 00:00:01.595200115,83,78.8,18.09,-15.98,12.75
Port Augusta,90,AU,1970-01-01 00:00:01.595199728,76,48.2,-32.5,137.77,4.7
Nurota,0,UZ,1970-01-01 00:00:01.595200397,22,80.6,40.56,65.69,2.42
Port Hawkesbury,1,CA,1970-01-01 00:00:01.595200397,69,75.2,45.62,-61.35,6.93
Hirado,75,JP,1970-01-01 00:00:01.595200397,79,84.2,33.36,129.55,16.11
Cap Malheureux,33,MU,1970-01-01 00:00:01.595199976,78,66.0,-19.98,57.61,3.0
Elhovo,20,BG,1970-01-01 00:00:01.595200397,57,75.2,42.17,26.57,9.17
Zhaozhou,100,CN,1970-01-01 00:00:01.595200397,97,65.37,45.68,125.32,0.83
Saint-Joseph,40,RE,1970-01-01 00:00:01.595199961,72,62.6,-21.37,55.62,4.7
Siniscola,0,IT,1970-01-01 00:00:01.595200398,60,69.8,40.57,9.69,2.24
Tual,51,ID,1970-01-01 00:00:01.595200398,84,78.64,-5.67,132.75,20.18
Fort Nelson,75,CA,1970-01-01 00:00:01.595199944,43,73.4,58.81,-122.7,11.41
Menongue,0,AO,1970-01-01 00:00:01.595200398,61,45.64,-14.66,17.69,3.91
Honiara,75,SB,1970-01-01 00:00:01.595200398,74,84.2,-9.43,159.95,3.36
Acapulco de Juárez,75,MX,1970-01-01 00:00:01.595199979,74,87.8,16.86,-99.89,5.82
Mīnāb,20,IR,1970-01-01 00:00:01.595200398,71,93.2,27.15,57.08,9.17
Ust-Nera,100,RU,1970-01-01 00:00:01.595199931,63,60.73,64.57,143.2,4.45
Kamaishi,90,JP,1970-01-01 00:00:01.595199743,87,69.71,39.27,141.88,1.81
Saravena,43,CO,1970-01-01 00:00:01.595200184,87,76.48,6.95,-71.88,1.54
Kurush,0,RU,1970-01-01 00:00:01.595200399,64,73.4,41.28,47.83,3.85
Am Timan,100,TD,1970-01-01 00:00:01.595199725,91,72.05,11.03,20.28,8.21
Lazurne,0,UA,1970-01-01 00:00:01.595200399,100,69.01,46.08,32.53,4.0
Taiyuan,0,CN,1970-01-01 00:00:01.595200400,77,62.6,37.87,112.56,2.24
Ventspils,100,LV,1970-01-01 00:00:01.595200400,100,59.0,57.39,21.56,1.12
Sabha,15,LY,1970-01-01 00:00:01.595200400,25,88.86,27.04,14.43,21.07
Asia,91,PH,1970-01-01 00:00:01.595200400,80,79.86,9.55,122.52,4.72
Coquimbo,100,CL,1970-01-01 00:00:01.595199733,87,55.4,-29.95,-71.34,6.93
Kaeo,71,NZ,1970-01-01 00:00:01.595199955,3,60.01,-35.1,173.78,1.01
Sailāna,98,IN,1970-01-01 00:00:01.595200400,87,77.65,23.47,74.92,14.76
Mawlaik,100,MM,1970-01-01 00:00:01.595199942,94,76.98,23.63,94.42,2.26
Bacabal,80,BR,1970-01-01 00:00:01.595200401,68,78.08,-4.29,-44.79,1.34
Howard Springs,20,AU,1970-01-01 00:00:01.595200401,78,75.99,-12.5,131.05,1.12
Palhoça,0,BR,1970-01-01 00:00:01.595200401,82,68.0,-27.8,-48.66,11.41
Ballina,0,AU,1970-01-01 00:00:01.595199936,100,62.01,-28.87,153.57,7.65
Eureka,10,US,1970-01-01 00:00:01.595199934,79,68.0,40.8,-124.16,7.0
Marsh Harbour,4,BS,1970-01-01 00:00:01.595200107,77,83.55,26.54,-77.06,15.08
Tabuk,5,PH,1970-01-01 00:00:01.595199926,82,76.75,17.42,121.44,3.62
Matamoros,75,MX,1970-01-01 00:00:01.595200402,29,91.4,25.53,-103.25,13.87
La Brea,27,HN,1970-01-01 00:00:01.595200402,82,81.99,15.8,-85.97,5.73
Juneau,90,US,1970-01-01 00:00:01.595200402,82,57.99,58.3,-134.42,14.99
Banjar,75,ID,1970-01-01 00:00:01.595200402,100,78.8,-8.19,114.97,10.29
Tadine,9,NC,1970-01-01 00:00:01.595200402,66,71.91,-21.55,167.88,12.75
Medicine Hat,75,CA,1970-01-01 00:00:01.595200402,38,75.99,50.05,-110.67,5.82
Tuatapere,96,NZ,1970-01-01 00:00:01.595199953,83,39.0,-46.13,167.68,3.0
Keti Bandar,89,PK,1970-01-01 00:00:01.595199933,78,85.93,24.14,67.45,20.42
Buala,55,SB,1970-01-01 00:00:01.595199924,71,83.52,-8.14,159.59,5.44
Anuradhapura,88,LK,1970-01-01 00:00:01.595200403,90,77.0,8.36,80.42,5.21
Eslāmshahr,75,IR,1970-01-01 00:00:01.595200403,28,87.8,35.56,51.23,6.11
Bowen,90,AU,1970-01-01 00:00:01.595200403,93,70.0,-20.02,148.23,6.33
Aljezur,28,PT,1970-01-01 00:00:01.595200403,70,73.0,37.32,-8.8,8.72
Nampula,2,MZ,1970-01-01 00:00:01.595200403,100,59.04,-15.12,39.27,4.18
Shelton,1,US,1970-01-01 00:00:01.595200403,62,88.0,41.32,-73.09,9.17
Concepción del Oro,85,MX,1970-01-01 00:00:01.595200403,31,74.59,24.63,-101.42,6.89
Trelew,100,AR,1970-01-01 00:00:01.595200272,83,44.6,-43.25,-65.31,10.83
Byron Bay,0,AU,1970-01-01 00:00:01.595200404,100,63.0,-28.65,153.62,8.19
Hualmay,40,PE,1970-01-01 00:00:01.595200404,80,61.7,-11.1,-77.61,10.31
Comodoro Rivadavia,90,AR,1970-01-01 00:00:01.595199897,100,42.8,-45.87,-67.5,14.99
Trairi,36,BR,1970-01-01 00:00:01.595200404,76,77.32,-3.28,-39.27,10.02
Verkhotur'ye,77,RU,1970-01-01 00:00:01.595200404,85,61.52,58.86,60.81,7.34
Krasnyy Chikoy,24,RU,1970-01-01 00:00:01.595200404,84,46.94,50.36,108.75,4.27
Henties Bay,0,NA,1970-01-01 00:00:01.595199960,24,72.0,-22.12,14.28,7.87
Kangasala,99,FI,1970-01-01 00:00:01.595200405,100,63.0,61.46,24.08,1.12
Tanabe,75,JP,1970-01-01 00:00:01.595200405,94,78.8,33.73,135.37,3.36
Nieuwpoort,90,BE,1970-01-01 00:00:01.595200405,82,60.8,51.12,2.77,10.29
Tuy Hoa,96,VN,1970-01-01 00:00:01.595200127,86,77.59,13.08,109.3,3.65
Luoyang,0,CN,1970-01-01 00:00:01.595200405,99,79.0,34.68,112.45,3.36
Putai,0,FR,1970-01-01 00:00:01.595200405,52,66.2,46.66,1.99,5.82
Vung Tau,100,VN,1970-01-01 00:00:01.595200126,73,82.56,10.35,107.08,2.86
Sivaki,100,RU,1970-01-01 00:00:01.595200406,92,67.41,52.63,126.75,4.52
Cayenne,85,GF,1970-01-01 00:00:01.595200406,83,80.6,4.93,-52.33,4.7
Luohe,2,CN,1970-01-01 00:00:01.595200406,81,73.31,33.57,114.04,4.34
Athabasca,100,CA,1970-01-01 00:00:01.595200374,68,67.33,54.72,-113.29,6.13
Pemangkat,78,ID,1970-01-01 00:00:01.595199676,85,75.51,1.17,108.97,5.12
Forsytheganj,4,BY,1970-01-01 00:00:01.595199967,89,57.31,52.63,29.73,2.66
Havre-St-Pierre,1,CA,1970-01-01 00:00:01.595199991,77,69.8,50.23,-63.6,9.17
Bodītī,93,ET,1970-01-01 00:00:01.595200406,96,54.9,6.97,37.87,2.13
Bubaque,100,GW,1970-01-01 00:00:01.595199933,83,80.17,11.28,-15.83,17.96
San Cristobal,20,VE,1970-01-01 00:00:01.595200137,36,93.2,7.77,-72.22,12.75
Sørland,68,NO,1970-01-01 00:00:01.595199740,85,55.11,67.67,12.69,12.24
São José da Coroa Grande,51,BR,1970-01-01 00:00:01.595200407,85,75.2,-8.9,-35.15,13.0
Doha,21,QA,1970-01-01 00:00:01.595199936,75,97.0,25.29,51.53,4.7
Biguaçu,0,BR,1970-01-01 00:00:01.595200407,82,69.01,-27.49,-48.66,11.41
Valdivia,97,CL,1970-01-01 00:00:01.595200407,93,51.8,-39.81,-73.25,4.7
Sterling,20,US,1970-01-01 00:00:01.595200408,39,98.01,39.01,-77.43,4.7
Bilma,33,NE,1970-01-01 00:00:01.595200368,15,95.56,18.69,12.92,9.48
Sanguéya,100,GN,1970-01-01 00:00:01.595200408,94,74.88,10.7,-14.37,4.05
Mareeba,14,AU,1970-01-01 00:00:01.595200210,82,64.99,-17.0,145.43,7.0
Husavik,40,IS,1970-01-01 00:00:01.595200122,76,48.2,66.04,-17.34,10.29
Temir,0,KZ,1970-01-01 00:00:01.595200408,47,73.18,49.14,57.13,6.64
Tambopata,97,PE,1970-01-01 00:00:01.595200147,66,77.67,-12.73,-69.18,1.12
Somerset,1,US,1970-01-01 00:00:01.595200171,49,93.99,40.57,-74.55,9.17
Yei,100,SS,1970-01-01 00:00:01.595200408,89,64.51,4.09,30.68,2.39
Gunnedah,0,AU,1970-01-01 00:00:01.595200381,100,41.0,-30.98,150.25,5.82
Kholmsk,89,RU,1970-01-01 00:00:01.595200409,77,69.8,47.05,142.06,2.24
Qasigiannguit,87,GL,1970-01-01 00:00:01.595200409,46,53.6,68.82,-51.19,2.24
Chicama,8,PE,1970-01-01 00:00:01.595200183,72,64.72,-7.84,-79.15,7.74
Suntar,100,RU,1970-01-01 00:00:01.595200409,96,56.46,62.14,117.63,8.9
Mil'kovo,79,RU,1970-01-01 00:00:01.595200409,88,54.18,54.72,158.62,11.56
Falmouth,5,GB,1970-01-01 00:00:01.595200409,76,57.99,50.15,-5.07,14.99
Yanam,100,IN,1970-01-01 00:00:01.595200358,89,81.0,16.73,82.22,4.72
Mažeikiai,100,LT,1970-01-01 00:00:01.595200410,85,61.84,56.32,22.33,3.22
Macamic,75,CA,1970-01-01 00:00:01.595200410,74,78.8,48.75,-79.0,12.75
Ginda,10,IN,1970-01-01 00:00:01.595200410,82,63.77,30.69,78.49,2.06
Dongdu,0,CN,1970-01-01 00:00:01.595200410,77,71.44,35.85,117.7,0.72
Quilmaná,73,PE,1970-01-01 00:00:01.595200410,73,62.46,-12.95,-76.38,4.54
Ende,58,ID,1970-01-01 00:00:01.595200410,77,75.54,-8.84,121.66,4.34
Nouadhibou,11,MR,1970-01-01 00:00:01.595199966,88,71.6,20.93,-17.03,12.75
San Quintín,0,MX,1970-01-01 00:00:01.595199714,53,77.77,30.48,-115.95,19.62
Swan Hill,0,AU,1970-01-01 00:00:01.595200411,80,44.28,-35.34,143.55,9.01
Arrondissement de Saint-Denis,73,FR,1970-01-01 00:00:01.595200411,64,69.01,48.92,2.33,10.29
Cockburn Town,40,TC,1970-01-01 00:00:01.595199930,74,84.2,21.46,-71.14,18.34
Mombasa,28,KE,1970-01-01 00:00:01.595200411,75,74.5,-4.05,39.66,15.19
